{
  "designSystem": {
    "name": "E-commerce Mobile Design System",
    "version": "1.0.0",
    "colors": {
      "primary": "#162660",
      "secondary": "#d0e6fd",
      "background": "#f1e4d1",
      "surface": "#FFFFFF",
      "accent": "#FFC93C",
      "textPrimary": "#333333",
      "textSecondary": "#666666",
      "textOnPrimary": "#FFFFFF",
      "textOnSecondary": "#162660",
      "border": "#E0E0E0",
      "divider": "#EEEEEE",
      "success": "#4CAF50",
      "error": "#F44336",
      "warning": "#FF9800",
      "info": "#2196F3"
    },
    "typography": {
      "fontFamily": "'Inter', 'sans-serif'",
      "h1": {
        "fontSize": "24px",
        "fontWeight": "700",
        "lineHeight": "1.3"
      },
      "h2": {
        "fontSize": "20px",
        "fontWeight": "700",
        "lineHeight": "1.3"
      },
      "h3": {
        "fontSize": "18px",
        "fontWeight": "600",
        "lineHeight": "1.4"
      },
      "h4_cardTitle": {
        "fontSize": "16px",
        "fontWeight": "600",
        "lineHeight": "1.4"
      },
      "bodyLarge": {
        "fontSize": "16px",
        "fontWeight": "400",
        "lineHeight": "1.5"
      },
      "bodyMedium": {
        "fontSize": "14px",
        "fontWeight": "400",
        "lineHeight": "1.5"
      },
      "bodySmall": {
        "fontSize": "12px",
        "fontWeight": "400",
        "lineHeight": "1.5"
      },
      "button": {
        "fontSize": "16px",
        "fontWeight": "500",
        "textTransform": "none"
      },
      "caption": {
        "fontSize": "12px",
        "fontWeight": "400",
        "color": "textSecondary"
      },
      "price": {
        "fontSize": "18px",
        "fontWeight": "700",
        "color": "primary"
      },
      "priceLarge": {
        "fontSize": "22px",
        "fontWeight": "700",
        "color": "primary"
      }
    },
    "spacing": {
      "unit": "8px",
      "xs": "4px",
      "sm": "8px",
      "md": "16px",
      "lg": "24px",
      "xl": "32px",
      "xxl": "48px"
    },
    "borderRadius": {
      "none": "0px",
      "sm": "4px",
      "md": "8px",
      "lg": "16px",
      "full": "9999px"
    },
    "shadows": {
      "sm": "0px 2px 4px rgba(0, 0, 0, 0.05)",
      "md": "0px 4px 10px rgba(0, 0, 0, 0.1)",
      "lg": "0px 10px 15px rgba(0, 0, 0, 0.1)",
      "nav": "0px -2px 10px rgba(0, 0, 0, 0.08)"
    },
    "icons": {
      "sizeDefault": "24px",
      "sizeSmall": "16px",
      "sizeLarge": "32px",
      "style": "outline",
      "strokeWidth": "2px"
    },
    "layouts": {
      "appHeader": {
        "height": "60px",
        "padding": "0 24px",
        "backgroundColor": "surface",
        "borderBottom": "1px solid divider",
        "layout": "3-column grid (1fr auto 1fr)",
        "leftIcons": ["menu", "arrow-left"],
        "center": "title (typography.h3)",
        "rightIcons": ["search", "shopping-cart"]
      },
      "bottomNavigation": {
        "height": "72px",
        "padding": "8px 24px",
        "backgroundColor": "surface",
        "shadow": "nav",
        "iconSize": "24px",
        "activeColor": "primary",
        "inactiveColor": "textSecondary"
      },
      "screen": {
        "backgroundColor": "background",
        "padding": "0 24px 80px 24px"
      },
      "productGrid": {
        "columns": 2,
        "gap": "16px"
      },
      "stickyFooterCTA": {
        "height": "auto",
        "minHeight": "80px",
        "padding": "16px 24px",
        "backgroundColor": "surface",
        "shadow": "nav",
        "layout": "horizontal space-between"
      }
    },
    "components": {
      "button": {
        "primary": {
          "backgroundColor": "primary",
          "textColor": "textOnPrimary",
          "borderRadius": "full",
          "padding": "14px 24px",
          "typography": "button",
          "shadow": "sm"
        },
        "secondary": {
          "backgroundColor": "secondary",
          "textColor": "textOnSecondary",
          "borderRadius": "full",
          "padding": "14px 24px",
          "typography": "button",
          "shadow": "none"
        },
        "tertiary": {
          "backgroundColor": "transparent",
          "textColor": "primary",
          "borderRadius": "full",
          "padding": "14px 24px",
          "typography": "button",
          "border": "1px solid primary",
          "shadow": "none"
        }
      },
      "iconButton": {
        "size": "40px",
        "borderRadius": "full",
        "iconSize": "24px",
        "hoverBackgroundColor": "rgba(0,0,0,0.05)"
      },
      "card_product": {
        "backgroundColor": "surface",
        "borderRadius": "lg",
        "shadow": "sm",
        "padding": "md",
        "image": {
          "aspectRatio": "1:1",
          "borderRadius": "md"
        },
        "content": {
          "paddingTop": "md",
          "titleTypography": "h4_cardTitle",
          "ratingSpacing": "xs",
          "priceTypography": "price"
        },
        "addToCartButton": {
          "size": "32px",
          "backgroundColor": "primary",
          "iconColor": "textOnPrimary",
          "icon": "plus",
          "iconSize": "16px",
          "borderRadius": "md"
        }
      },
      "card_cartItem": {
        "layout": "horizontal",
        "padding": "md",
        "backgroundColor": "surface",
        "borderRadius": "lg",
        "image": {
          "size": "80px",
          "borderRadius": "md"
        },
        "content": {
          "paddingLeft": "md",
          "titleTypography": "h4_cardTitle",
          "priceTypography": "bodyMedium",
          "spacing": "sm"
        },
        "counter": "components.counter"
      },
      "form_input": {
        "height": "48px",
        "backgroundColor": "surface",
        "border": "1px solid border",
        "borderRadius": "md",
        "padding": "0 16px",
        "typography": "bodyMedium",
        "placeholderColor": "textSecondary",
        "focus": {
          "borderColor": "primary",
          "shadow": "0 0 0 2px rgba(22, 38, 96, 0.2)"
        }
      },
      "form_searchBar": {
        "extends": "components.form_input",
        "icon": "search",
        "iconPosition": "left",
        "iconColor": "textSecondary",
        "iconPaddingLeft": "16px"
      },
      "chip_category": {
        "height": "36px",
        "padding": "0 16px",
        "borderRadius": "full",
        "typography": "bodyMedium",
        "fontWeight": "500",
        "inactive": {
          "backgroundColor": "surface",
          "textColor": "textSecondary"
        },
        "active": {
          "backgroundColor": "primary",
          "textColor": "textOnPrimary"
        }
      },
      "counter_quantity": {
        "layout": "horizontal",
        "spacing": "sm",
        "button": {
          "size": "32px",
          "backgroundColor": "surface",
          "border": "1px solid border",
          "borderRadius": "sm",
          "iconColor": "textPrimary"
        },
        "input": {
          "width": "40px",
          "textAlign": "center",
          "typography": "bodyLarge",
          "fontWeight": "600",
          "border": "none"
        }
      },
      "rating": {
        "icon": "star-fill",
        "starSize": "16px",
        "activeColor": "accent",
        "inactiveColor": "border",
        "textTypography": "bodyMedium",
        "textWeight": "500",
        "spacing": "xs"
      },
      "divider": {
        "height": "1px",
        "backgroundColor": "divider",
        "marginVertical": "md"
      }
    }
  }
}
